Id,Latitude,Longitude,in_domain
6B086167-9758-455C-A632-2B0285FB15D9,46.34592819213867,-119.27582550048828,1
29AECC08-40DF-4FD4-9F6C-39D5BCFA7723,34.14543533325195,-118.13322448730469,1
11D0FEBF-D9E0-46C7-937D-54BBB2A553B3,30.52896499633789,-97.60069274902344,1
D2B817FB-6150-4FB4-8FCB-A8CEED943234,40.783851623535156,-116.18646240234375,1
7CC05FCA-443D-4119-B857-B25BACC17E0E,40.7406005859375,-111.82060241699219,1
5D5551E6-02B1-4C6B-A6A7-B25F6C674F7C,46.34592819213867,-119.27582550048828,1
8693CCAE-1089-46F4-8137-B519CB11E712,39.159122467041016,-84.75018310546875,1
43B58349-AE32-443A-B7C8-B961FE79FD30,41.6716423034668,-93.71784210205078,1
7C367181-8DFC-49C9-834F-C757CC955E50,40.276405334472656,-111.65094757080078,1
6EA445FF-8F23-445B-A567-B7C87B23E8CD,40.27617263793945,-111.65093231201172,1
FA7EB5B2-8782-4C96-AD59-EBA02957EDE8,40.27641677856445,-111.6510009765625,1
BB2AA1BD-48A0-4223-A558-14E1C20020C6,40.27644348144531,-111.65106964111328,1
731882B5-9329-46D1-A843-1596D7700B02,40.31846618652344,-111.72183227539062,1
B41D8658-E263-47E8-8407-2922612BA6DF,40.3183479309082,-111.72136688232422,1
CD06CA49-E997-4A6B-9F22-2960561771F7,40.31502914428711,-111.70569610595703,1
3B212C2E-CF39-483B-984C-3AC20C571962,40.27643966674805,-111.65107727050781,1
3307299D-FD2A-4453-A059-4125E6BA5AB7,40.27643585205078,-111.65106964111328,1
058B5AC9-6D88-4221-B206-46C874312B84,40.276451110839844,-111.65106964111328,1
C9AB2F1A-13C5-49F2-8297-54732383B381,40.31853485107422,-111.72159576416016,1
46906688-2187-4759-8779-6AE119B20F16,40.310340881347656,-111.7257080078125,1
A40CEAE4-1E94-4B4B-8817-759397BFB8E2,40.31853103637695,-111.72159576416016,1
49D5AFD9-11F6-4667-8EAF-77AE9312D5EE,32.77916717529297,-96.80889129638672,1
9331D331-045C-4FAD-9BE9-7C03FC4C8BD7,40.276248931884766,-111.65149688720703,1
628AF062-928A-42F8-8136-9266D73FA2C3,32.82042694091797,-96.67543029785156,1
0F88B3B6-4989-4EDC-98FF-9CFDD7B39519,40.27645492553711,-111.65107727050781,1
C85EF5C4-6EB9-412B-ABCB-AE2937402DEF,32.828216552734375,-96.67584991455078,1
9058199D-9E8A-4649-9C0E-D2B1B70B31C4,40.27644348144531,-111.65108489990234,1
3E6A5C0B-B082-478B-BAD2-D5446056C17B,40.27629852294922,-111.65088653564453,1
EC0C250D-FFC4-4555-8E80-F441D7FDA8BC,40.31853103637695,-111.72158813476562,1
5DAF45DF-4EFA-4E5F-80A7-0899945B7BB5,40.31834030151367,-111.72138214111328,1
09C92B1F-1CAF-44B0-B1FB-0AAAC3B3CCC9,40.31845474243164,-111.72163391113281,1
43F35163-ACCA-492F-B15E-0D30B045F3F1,40.7406005859375,-111.82060241699219,1
23F4505E-323D-4F6D-96F4-0F42F2FF0E53,40.3183479309082,-111.72134399414062,1
8DAC72F9-7AC3-4E93-ACFD-141603E300DD,40.2763786315918,-111.6510238647461,1
D21D0E4A-714D-470A-AF00-18E5C4024EBE,40.25787353515625,-111.66944122314453,1
0E54E0B1-8547-4D92-BD78-1C0BAA44D8E8,40.28121566772461,-111.64690399169922,1
D9CE9443-13C9-4B67-A779-2083525F92C9,40.31834030151367,-111.72135925292969,1
B36EF7AA-76E8-4EA1-B3B4-2892BBDF56F6,40.31833267211914,-111.72138214111328,1
D2786BA5-129A-4E93-82CC-29544820E3A0,40.318328857421875,-111.72138214111328,1
26CCB104-0253-437F-B418-2E4D2417141C,40.257904052734375,-111.6694564819336,1
E03FEB89-C747-4DA7-B38E-2E5D67F09811,40.30868911743164,-111.76070404052734,1
0B75BABF-55BF-4461-8EBA-2FE81F9E1F39,40.27621078491211,-111.6510238647461,1
AD886C22-6523-4EDF-B7C1-3032A8DA6E67,40.257747650146484,-111.66944122314453,1
23B38FAA-ECF3-4ED9-B0E7-35749C9F159F,40.27625274658203,-111.65151977539062,1
70D385AF-AA3C-4592-A059-3982EE58F92C,40.31855773925781,-111.72152709960938,1
2D760202-473D-48E9-ACFA-3B1C3D2DC354,44.29999923706055,-69.7699966430664,1
5D6B684E-E2CC-45F7-B9E3-3EC04C5253CB,40.2579231262207,-111.66950225830078,1
6DC68EF6-2DCD-45D5-9617-41EC73BE89D7,40.27641677856445,-111.65109252929688,1
1545C5DD-5940-473B-A030-41F4E6AC7F71,40.2578872,-111.6693987,1
9D681D49-2973-45C5-AF1D-48C7E69B2E64,40.276432037353516,-111.65107727050781,1
BCEEB8F3-946F-4922-8B63-4C0ECC35D4B7,40.276397705078125,-111.6510009765625,1
9B758E6E-166F-48EC-947F-4CD1929940D4,40.27621078491211,-111.6510238647461,1
A1415E6E-89D6-4755-B67C-4F2D32C6BBAD,40.27641296386719,-111.65108489990234,1
1E4CA01A-2267-477C-8F6D-5289CB539F79,39.8,-104.9,1
0A238A04-40DD-4FFD-ADF2-54D2F9B7924B,40.276390075683594,-111.6510238647461,1
7A214E44-8BEB-45B1-9595-5C97D5E199DA,40.257869720458984,-111.66943359375,1
672EC74E-271D-4A73-8E5E-6698FE45CFA3,40.25790023803711,-111.6694564819336,1
335C27D2-2C6A-4AF1-84D0-669E194FD53F,33.79758834838867,-84.32404327392578,1
E237CAE7-C3B3-4730-BC03-6B9210115F46,40.31846237182617,-111.72160339355469,1
7A1DFD46-4F6B-4D58-B9CE-6BA6847EF515,40.25789260864258,-111.6694564819336,1
BEF9E827-8371-437C-9C09-6D3AE744DF7E,40.27641677856445,-111.65106201171875,1
2B4E2229-40DB-4F60-8BE3-736A32787FC7,33.79036331176758,-84.32189178466797,1
9BBAFC64-C36F-48A4-972D-745DABB72284,40.27629852294922,-111.65088653564453,1
8393084B-D78E-4564-A54F-7FD001C8E942,40.27617263793945,-111.65093231201172,1
5B6491B8-6AFC-4F9B-8BA4-95EA83037051,33.79701232910156,-84.3226318359375,1
B3B8EDBD-97AB-4C84-9FA0-A0A564F912F3,40.27617263793945,-111.65093231201172,1
C7C0EAF6-35B1-4F6E-9864-A44E55693AD2,38.9068489074707,-110.77421569824219,1
29DC6285-11D0-43D6-A0C6-AE33B82CA1AF,40.257896423339844,-111.66944122314453,1
44360112-B176-4A33-81F4-B0C147367520,44.54999923706055,-70.55999755859375,1
AEAF4EDD-3AD4-4FD9-8D46-BB9CC118DFEF,40.276405334472656,-111.65101623535156,1
B623570B-84D0-4668-9531-C532BBBCC662,40.31834411621094,-111.72135162353516,1
2CC6FC8D-00D9-4C65-81CD-C5722085CAD4,40.30868911743164,-111.76070404052734,1
A58B51B6-2CC5-45E2-963C-C90A811C69CB,39.955,-95.23833333,1
CDED3517-2D16-4253-B731-CDAC38781E92,40.25774383544922,-111.66944885253906,1
87326CA6-98EC-43EB-94E8-D236009D12F0,39.08395304573304,-94.57708626623982,1
44CB6E03-FDEB-4787-8CBC-D6E2239E28A1,40.318485260009766,-111.72140502929688,1
FD368A31-98FA-445A-82F9-DC659213095B,40.37224578857422,-111.7744369506836,1
171A41DF-F6BC-4062-BA55-DE7CD3847F3D,40.27641677856445,-111.6510238647461,1
BF78E1E1-F528-4AB5-B845-E267133E0AEE,40.249900817871094,-111.70858001708984,1
0C0FE573-D546-42E0-820E-EA16D9443C0D,42.33158874511719,-122.93809509277344,1
543893A4-B1A0-48C1-BAA0-EE1EB2C8A763,40.27629852294922,-111.65088653564453,1
E34A06EB-1EC0-4C9C-BA7A-EE58E0601415,40.276390075683594,-111.65103149414062,1
FBC6E937-39AB-4032-B52A-F925D18EE131,40.31833267211914,-111.72137451171875,1
1D8115F2-2D5E-4CA2-9C9E-FA5BBF7BB043,40.31833267211914,-111.72138214111328,1
58CED493-BEE4-45E6-AB44-21A5809DEC05,40.27621078491211,-111.6510238647461,1
2D018F4D-23DB-42BC-85E0-0332F4389C27,42.625885009765625,-71.29800415039062,1
05F089AC-C403-4ACA-BF7C-197DCF705163,37.6232795715332,-89.24176025390625,1
7F0798FE-38C5-4895-98F5-1A02BFD66754,41.43727111816406,-75.65069580078125,1
E41DF94A-3D2E-4627-99FE-24DC321012DE,42.56466293334961,-72.28561401367188,1
D6E9F44D-D081-43E1-A77F-290AE15603E7,43.894738,-85.280332,1
837F83DA-4587-4FD3-9DD7-2C8CC5C12EC5,42.502174377441406,-83.01541900634766,1
AF2B8AC6-121D-4142-BD7C-3C05B3F532B1,40.27635955810547,-111.65104675292969,1
FE9CBEFA-E7AC-434A-85C4-3EF19E528C43,42.517818450927734,-83.61688995361328,1
3BE52829-8E9A-4807-98A2-425183A9B14C,41.43727493286133,-75.65069580078125,1
4509CBEB-F287-4391-B99C-48A2A715D878,41.873098,-71.064018,1
B9B2796F-3298-4CBB-A42A-4D8406C6575E,42.44438934326172,-83.00462341308594,1
D240FD42-2CEE-4CD9-B515-559039AF34E7,41.95777130126953,-89.03388977050781,1
F0FD5229-F492-4EC3-A7FE-5829DB97BD1F,41.965126037597656,-89.02748107910156,1
7E57F915-750D-45E6-81B0-6AF169CAEFD5,41.9581184387207,-89.0340347290039,1
BFE08D5E-ECD7-4716-BEB2-70F7A4584533,41.44266891479492,-75.65570831298828,1
07297610-408C-4D1F-B938-7112A922B99C,41.43732452392578,-75.65148162841797,1
F4EB1C59-7817-47D8-A724-7339CD4500ED,41.952884674072266,-89.03279876708984,1
7FF91950-1F8F-4C46-9AD0-75C708711397,42.4989128112793,-83.17340850830078,1
B33FFF9D-4A67-445D-B324-888BEADDA373,41.43729019165039,-75.65069580078125,1
864464E1-735F-44A3-852A-8A1A64D63F29,42.48628616333008,-82.97699737548828,1
F25E5113-A1AC-44C6-B416-8CD6A321E681,42.62580871582031,-71.29798126220703,1
C7272404-581E-4A1C-88E2-9196E4AA7068,42.7212949,-84.4757035,1
C1D08BCD-FE4C-4602-81BD-A2B5F708D5C2,40.276390075683594,-111.65107727050781,1
A3FB610F-0FF0-4F6E-A0EF-B79647C23B93,40.15332794189453,-111.62724304199219,1
EFE56203-A38C-4F43-B110-C04E4AEA2B34,42.4454460144043,-75.65069580078125,1
1637B40E-4D00-4F80-AA9C-C0B5E0462C13,41.437599182128906,-75.65048217773438,1
4E06717E-89FF-4835-BB0C-C9C0B1190430,41.25127410888672,-112.2142333984375,1
D831C423-B6A5-498D-85F9-CEC348DDE534,42.446720123291016,-83.01611328125,1
7877E2A9-C619-4A5F-B7F0-D432902905F1,36.211891174316406,-115.14016723632812,1
C3610F61-CDD8-41A3-8D97-F63CAEBFCD2D,38.27413,-104.53107,1
DE0EBB86-143A-4460-A8E0-FC39864831BC,41.43728256225586,-75.65069580078125,1
4579CC42-0252-4226-832B-FD920E23ADE4,37.70262908935547,-89.21675109863281,1
20CBB0CB-EFA4-4619-BD03-0166FFF199AE,40.27619934082031,-111.65119934082031,1
75B0843A-7B77-4081-BF1C-0699B38ADBBA,40.37224578857422,-111.7744369506836,1
CB01E2C1-E5A6-45F1-90B4-0C6050FDFE03,39.925323486328125,-111.74101257324219,1
6503CEDD-1A1F-43FF-8489-1BCCC12CF344,40.26150131225586,-111.78495788574219,1
FAD569D0-5FA1-42C0-A853-51115CBAC0CF,40.52465057373047,-111.89848327636719,1
85022940-E1F8-48A3-B2A4-566C653B665D,39.99860382080078,-83.01708984375,1
92853C8A-36EB-482F-8189-5D10C959C54D,42.04029846191406,-87.9760513305664,1
4503B2CC-93F3-4E20-B20A-604E1BE67791,33.928321838378906,-117.9089584350586,1
517251B2-5387-4946-9386-611C81F414EB,40.308650970458984,-111.7606430053711,1
952D2016-7843-47F8-BC3B-635F65864644,40.27642822265625,-111.65108489990234,1
BC9719BB-1BED-4C0C-B6CF-6A2FFB8629D6,45.5024528503418,-73.55132293701172,1
8CFFA25D-A1B5-4B69-81CB-7AB79154EFDD,40.67515182495117,-111.89952850341797,1
D1929220-E57F-4212-A6CC-97980BD023BC,40.27641677856445,-111.65117645263672,1
A114C5AE-B9DC-45BA-A1E3-A4715FDD4AD9,40.27639389038086,-111.6509780883789,1
0CE1CDFF-AFE9-4EFB-8F9B-A56D3C494F05,41.72733688354492,-71.26972198486328,1
61C6E778-FEFD-45B1-AD42-A7106E98F208,40.518952,-111.8882305,1
880126CE-8752-4396-A2CE-DB489D370F0F,40.38328170776367,-111.79130554199219,1
4DE17EFF-D502-4955-A879-DDD5DCF54489,51.163055419921875,-115.56243133544922,1
695F7398-C49C-4771-B770-F8B248DD5485,39.15925216674805,-84.75008392333984,1
57870F3A-FBD8-42E0-ACE7-FAB7605876C2,40.783851623535156,-116.18646240234375,1
16E99D03-5F2E-44F2-85E1-FCDD42BEA0F3,40.27642059326172,-111.65098571777344,1
8AD99F52-661E-4C52-A5E2-00D7C60F38C1,39.08462905883789,-94.57728576660156,1
AF06CF6C-35C9-4F1A-9539-0130EDFD1B00,40.3087043762207,-111.76063537597656,1
CC50A510-C800-4039-AB7F-01C67B3A4186,33.4571533203125,-112.0595474243164,1
5EFFDC34-EEBB-4DB9-B2F2-01EBED86A30E,40.29879379272461,-111.68316650390625,1
F45C27BF-24ED-40AC-9961-02BF2690D628,40.30870056152344,-111.76070404052734,1
370BE05D-0A5B-4E29-BEE4-02FBE8128847,41.89143371582031,-87.6196060180664,1
3D87C2DF-EDEA-4915-8FDE-0351C50B56C6,40.27617263793945,-111.65093231201172,1
4C8877FF-CAE2-47FD-9C19-03A6B7BABC25,40.43865966796875,-79.99723815917969,1
F7F54601-3E0D-44AF-B9C8-0713097F1990,37.71482849121094,-88.9488754272461,1
DB6737FB-3D7B-4768-A963-0856AD422C4E,40.27643585205078,-111.65107727050781,1
A6489432-C3FE-4A7A-97F2-09A88BD5F5B5,40.27638626098633,-111.65107727050781,1
1C49F94E-047D-407E-B2CF-0BA785286528,40.27642822265625,-111.65107727050781,1
52395533-B1C1-43DD-8A3B-0C842A10988A,39.97235107421875,-83.0013656616211,1
ADAAED07-41D6-472A-97C9-0CDA87490955,32.70679473876953,-117.16307830810547,1
C9254941-9B43-43FC-9EAC-0F269F41952B,32.82856750488281,-96.67609405517578,1
2FFDA560-9D96-4EAE-84DB-0F3A9D6C1839,41.891414642333984,-87.61956024169922,1
B915FD75-63B1-4873-96C0-0F591854A51D,40.308685302734375,-111.76066589355469,1
946390E9-F0F5-44CA-8F08-0F7D904B7644,33.02649688720703,-96.80908966064453,1
085194B4-F6C2-4E30-9C72-101217B0F283,40.27634048461914,-111.65113067626953,1
D6810A53-A6C9-4821-A3A0-11EA9E929213,32.828369140625,-96.6762924194336,1
016C95D9-F5E1-4DFF-89BA-12367655C6C0,41.891380310058594,-87.6180648803711,1
57C5FBA6-F5B9-4F7A-99B6-12F40DC4BA91,40.27621078491211,-111.6510238647461,1
53E9CBE8-66F7-4336-844F-1442EA6E8550,38.619510650634766,-92.23208618164062,1
D4CF27A9-C145-4FA5-BD04-15986808FDA3,41.14912414550781,-111.92800903320312,1
FEA6F097-A766-49C1-A2D3-15F80466B8D4,33.02649688720703,-96.80908966064453,1
81E2A718-C7D7-4A9B-81B6-1631EB16D77E,40.3087158203125,-111.76070404052734,1
35C845C4-1824-405C-A1A4-17B354335A5E,44.08279037475586,-78.2925796508789,1
999EFD33-781D-4FFB-AE11-193ADD492D0A,40.276424407958984,-111.65107727050781,1
E5757900-959C-42BA-B57D-1C7025FC0505,40.276405334472656,-111.6510009765625,1
3C057454-EAE5-445D-ADE1-1C72648E3820,40.276424407958984,-111.65107727050781,1
7F9AF1AA-DE99-4DFC-AFB6-1DC2359F1D78,40.308650970458984,-111.7607192993164,1
F691CC12-90AE-44E5-8EE0-1EA026105837,41.89133071899414,-87.6195068359375,1
39F7EC1B-A130-4B15-B2E3-1F9F22695D79,39.159366607666016,-84.7499771118164,1
37F3B2AD-7C03-4E01-9711-20715FDFECFB,40.27642059326172,-111.65098571777344,1
0A99748C-421D-4801-8F84-22B7D703F2E8,40.30870056152344,-111.76068115234375,1
653B6368-78A7-4687-A73B-251A4B0D41AB,40.15743637084961,-111.62567901611328,1
DD33136E-67BB-42EF-B247-259F76B9CB67,40.292381286621094,-111.72686004638672,1
146B9C2A-8CB1-4DE5-A9D9-2668C8C7942A,41.95405197143555,-87.73783111572266,1
634020BE-627D-481F-BC56-27B4F275C8B4,38.619510650634766,-92.23208618164062,1
FB47F3F7-E9FE-4EFE-90E3-27D326FA55EB,41.89143753051758,-87.61963653564453,1
EEB3AD52-F40A-475E-86E1-27D6A960160E,32.852935791015625,-96.7118148803711,1
D7BC3ED8-0725-4491-B9E1-28BBEABD1FD3,42.95588684082031,-91.17460632324219,1
4D3E7835-7630-4C57-8C63-2A94755BFDC3,45.20294952392578,-75.83694458007812,1
780D751A-A697-440F-8227-2C82A9177362,41.89145278930664,-87.61965942382812,1
7FDB1568-E4A6-4C2E-9456-2EFDE0E23561,34.6801643371582,-82.78792572021484,1
7E7280B5-3728-4C33-BAB7-301249BAEE06,40.13322830200195,-75.19082641601562,1
EDF4507F-3CDC-44F3-8F5F-305239FE0FFF,37.840511322021484,-122.21564483642578,1
11A89F7F-5C76-409C-8DB0-3228FBF67D4C,41.95335388183594,-87.73798370361328,1
36E36B63-846F-4A6B-A9FC-364FD63B09F9,40.308650970458984,-111.76065063476562,1
BA8C97A0-680A-4F98-BCF3-36F1448279B8,30.256866455078125,-81.53035736083984,1
5880ADED-BD2C-4DFB-8CC1-3792754EC15E,30.41655731201172,-88.83673858642578,1
18EC9472-3961-4EDA-BDEB-3921E48BDB6B,38.619503021240234,-92.23217010498047,1
44987746-27B2-442D-BF23-3A65DBF94FE7,40.27617263793945,-111.65093231201172,1
8BF3D409-5754-4F52-97C5-3BD7C13BE7DE,40.27638626098633,-111.65106201171875,1
EC5B5B00-A812-420C-A353-3D30BA6D4E05,40.718788146972656,-111.89356231689453,1
F59A9408-E0BD-4814-8C15-3E1233B64CD4,47.717750549316406,-122.30632019042969,1
2DAC8AF3-A603-4820-A16C-3F2B9031C1D8,40.276432037353516,-111.65107727050781,1
AE66CCB3-09C8-436B-89BA-403C32C3BB88,40.783851623535156,-116.18646240234375,1
1100A959-7158-4BFC-845D-41116BD22C1E,40.27638244628906,-111.65100860595703,1
22CCCC0C-5318-45B6-934A-420E40FE9B10,30.30588150024414,-81.5616226196289,1
3CF42229-1DF7-4BBB-8889-42542C9B6967,40.276371002197266,-111.6510009765625,1
715DE547-3D39-4FE8-88EC-428B4E99D856,45.20294952392578,-75.83694458007812,1
70205997-BEAE-4709-9CA7-475395547958,40.27638626098633,-111.65103149414062,1
F626D0E6-598E-442F-B811-478124AF1925,33.803550720214844,-84.30941009521484,1
027D64D3-255E-4DFB-83CE-486695CAB546,40.27635192871094,-111.6511001586914,1
0D195CF7-1FEC-4749-8A8D-4B00A0E1DEE9,41.89145278930664,-87.61957550048828,1
26D450A6-43C9-4FF0-86E4-4BAE75ABCB2D,40.30868911743164,-111.76070404052734,1
D4620A46-210B-4408-AE22-4C47AF56B268,37.71495056152344,-88.94895935058594,1
CFE52315-2E4A-4E93-9F30-4C49702E3B29,43.092193603515625,-87.8899154663086,1
C187A304-1CE0-4297-9B97-4F454301F852,32.82855224609375,-96.6757583618164,1
9BE1F618-0397-440B-9456-4F758C40510D,40.276432037353516,-111.65107727050781,1
DAE6286C-635A-41FE-BF5A-5148B6FEE217,44.78653335571289,-114.455322265625,1
43F0A701-A3CB-4738-8CF4-5268F4483C8A,39.0982666015625,-94.58766174316406,1
BBEF15C8-57D8-4B01-8826-565AB1454028,38.92666244506836,-94.68482971191406,1
D5545683-39AC-4928-8D3B-567A520C540E,37.40126419067383,-122.04774475097656,1
3623CA63-AB57-4018-90C4-56C779E5E524,40.71615982055664,-111.90664672851562,1
17AD1EE8-88F1-4235-A6BB-57BBE9A67B7D,40.27635192871094,-111.6511001586914,1
F4F0F209-96DF-40AF-973B-584665E26D0A,40.167503356933594,-111.62501525878906,1
94E855EE-C7DD-4F57-93E8-594A5991B723,40.257816314697266,-111.66939544677734,1
9EE7C2E9-D582-42A2-90B2-59A4590902E7,40.30337905883789,-111.75126647949219,1
4228F9A0-463A-45EB-9B72-59F4572A6DD3,41.065425872802734,-111.98511505126953,1
49647149-BD0D-46D9-AAE4-5A6A073011B9,45.20280456542969,-75.8370361328125,1
B93FA1DD-9E84-4F39-B8B6-5AD805BBB61B,40.783851623535156,-116.18646240234375,1
239D67D4-50ED-4979-A38A-5CDA006D422F,33.02649688720703,-96.80908966064453,1
FF101A9E-1568-4868-B3B8-5E37F725B711,40.27618408203125,-111.65098571777344,1
69BF563B-F39E-4707-8F02-5E82C53F8FE8,40.37223434448242,-111.77445983886719,1
0A7EAFE1-AE86-4374-8969-5F0508CDF8CC,40.27638626098633,-111.65101623535156,1
A1B9EBD9-5C46-4A46-BE3E-5FCDF9BB629A,40.3087158203125,-111.76070404052734,1
61E6021F-3E3E-4DA5-8E07-61DB6586896C,40.78200149536133,-116.18595886230469,1
BEF4C8C5-51D1-4910-A67B-65C00BA76340,40.30864715576172,-111.76063537597656,1
5D4504C1-8A32-414C-BB12-65C86FC99739,40.27638244628906,-111.65100860595703,1
3ABC5C6C-44AA-47EA-ADD2-67D29316FC5F,41.89144515991211,-87.61961364746094,1
5C1691F3-B653-4653-882E-681CB23FF161,43.091697692871094,-87.89125061035156,1
4E7491AB-7B01-43F5-98DF-68BDD3551E0B,33.97386169433594,-96.40345764160156,1
2F98448E-F288-4231-9FB4-68C3A89E2ECD,42.379638671875,-87.91028594970703,1
FAC09AFA-87B2-4070-8514-68EE729B55B2,41.953338623046875,-87.73802185058594,1
68C5D14F-75CB-4ED2-9130-6B6EDBE61DFE,40.30870056152344,-111.76069641113281,1
9A5F63D9-D52C-4A50-8BEA-6BAB54522852,40.052520751953125,-118.61819458007812,1
37762DF5-57F8-4FBA-AF7B-6C93E63AE800,41.953330993652344,-87.73805236816406,1
D3191942-4872-4F96-8C86-6D0A41353CB3,41.96510314941406,-88.20762634277344,1
205DC478-5B41-4046-AAE5-6D9C3EB06B6A,38.61949157714844,-92.23214721679688,1
001272C1-A663-4E18-9391-6ED979CB6273,44.40986633300781,-73.19636535644531,1
D634626B-0657-4F2C-B4E2-6EDCA0A55223,40.2763671875,-111.65089416503906,1
26D1FF36-7C21-43F5-8058-6FA9168E00B9,40.27638626098633,-111.65105438232422,1
F78CE246-145E-4608-8828-719762658C9F,40.30867385864258,-111.76065826416016,1
8A7182D6-E495-4D29-9D82-72E17E843165,43.07457733154297,-89.41002655029297,1
E5304AE1-7DC4-4EFF-8BEB-7453DAA38C18,40.276424407958984,-111.65108489990234,1
E9536A26-2633-4A5C-A55A-77278A70DCAD,29.951847076416016,-90.06808471679688,1
D5A0B929-696D-47A4-A356-77BED4EE8DD0,35.8775634765625,-78.83831024169922,1
788BC5F1-E869-4314-A9AE-7A99FFC7209C,40.308712005615234,-111.76069641113281,1
F0D3185D-C263-40B5-B6E6-7AD85F0D05AE,37.71176528930664,-89.22102355957031,1
6E211C85-E15D-4392-B0E9-7BF30A91F5E6,34.02581024169922,-95.53598022460938,1
AFB9E597-FB5F-4E13-ADD8-7BF883DE9327,40.27635192871094,-111.6511001586914,1
8B2B7AA5-1057-42F0-A0A1-7C752FE26C07,40.27666091918945,-111.65090942382812,1
ABB63BF7-3E0D-4F4C-A5F2-7C9B3B7E731F,40.27641677856445,-111.65098571777344,1
1A012DEB-F734-41CD-8ED3-7E68E020149F,32.82807540893555,-96.67565155029297,1
1547D4D2-4129-45D6-83C2-81F71946D0BD,38.316192626953125,-90.29957580566406,1
729ED089-88EC-47F2-89F3-8286D66EF12E,49.83309555053711,-97.1046142578125,1
2C038FFD-6833-4D72-AFF9-8358C780F0D4,40.27638626098633,-111.65107727050781,1
9112CBBE-7476-4351-98FC-83953F61C144,41.89143371582031,-87.61961364746094,1
07F2E469-8575-468A-837B-83BDB0DB6A21,40.27857971191406,-111.70680236816406,1
FEB6F9A3-E638-429A-BA36-83CE742B1B49,41.965118408203125,-88.20759582519531,1
A619587B-CCC8-47FA-AC1C-857DFB8D2304,40.27642059326172,-111.65108489990234,1
0D59948E-CC04-438D-B7C9-88A948ADB910,38.596710205078125,-92.22142028808594,1
32F84DE5-F818-41F6-B008-8AE5A1F5C9A1,33.235145568847656,-97.08873748779297,1
4DD4A2A4-A6AB-464F-85A7-8CFDF8DC858A,45.20284652709961,-75.83698272705078,1
64F2ACCA-0038-4943-98FE-8E8BB40002B2,40.27645492553711,-111.6513442993164,1
9EF131D4-DC55-49B3-AB88-8F7E42542439,40.30869674682617,-111.76071166992188,1
81385FB0-B264-47EC-91D8-908727EF4F4F,32.70676040649414,-117.1631851196289,1
892D19DB-3C68-4B49-861B-9212C61AAFC4,34.244422912597656,-79.81607055664062,1
DE4B93BD-1617-4291-9A1C-92FB720C5976,29.942745208740234,-90.0633544921875,1
D70D42EA-E481-4EB0-808A-9541751685E2,38.619510650634766,-92.23208618164062,1
0D70039D-3965-4AFF-8C81-9556A1538984,40.27634811401367,-111.65108489990234,1
8EFC498A-CF80-4DA5-BB9B-961396D82AF1,40.7819709777832,-116.18605041503906,1
22AADB9D-D515-407B-B80F-9847402928AD,41.718284606933594,-87.97886657714844,1
B8F18F16-4DD4-49BC-9C55-9B7625AEDBFB,40.30195617675781,-111.70176696777344,1
DE60FCE3-51AE-4880-8285-9C11C2A03C2D,45.202842712402344,-75.8369369506836,1
CC01BAB2-8763-4363-A9BF-A1853D108EEA,38.61939239501953,-92.23211669921875,1
2D52C8DA-4C4F-404E-813F-A5BD5144F5FF,41.891448974609375,-87.61952209472656,1
023F240E-355D-479F-B1A9-A5F02B9C07DC,38.619510650634766,-92.23208618164062,1
8A5378FE-13C6-4C23-B743-A85DED7C3C05,40.27643966674805,-111.65098571777344,1
CC312779-2987-4D1C-8BA8-A919A4D8C671,40.3087158203125,-111.76070404052734,1
0A53211C-B893-47EB-A77E-AA38C48A45D3,51.163055419921875,-115.56243133544922,1
040787E7-16B2-4B34-9A46-AAF4BEA1012B,40.30862808227539,-111.7606430053711,1
021491D1-371B-4812-BB03-ABCB24ACF7FB,40.30873107910156,-111.76069641113281,1
B1B3A5F6-8656-4AF0-8A3C-AC5ECCF0F985,33.797542572021484,-84.32403564453125,1
D5662417-99CE-4A41-8114-ACA2358F67C4,40.276432037353516,-111.65101623535156,1
F71ED00C-7FDA-496A-87CA-AEB9A3406A08,40.276432037353516,-111.65108489990234,1
1977A3AF-D22A-4966-9913-B1305AEFCF7B,40.27858352661133,-111.70680236816406,1
0412A3AE-FFCC-45BD-A858-B3ECE7B72B31,40.27635192871094,-111.6511459350586,1
80092045-881D-4E1E-990B-B48EDB05FE82,32.8282470703125,-96.67586517333984,1
3D651196-F1E3-4BA1-BA47-B54E948BD0E6,34.8150749206543,-82.60406494140625,1
49D0118E-CE83-4039-B6B0-B6C3A5352285,35.87742614746094,-78.8377456665039,1
0ED93857-EB2B-458F-B8E5-B7E07F9A1799,37.714359283447266,-88.948486328125,1
11EA11B6-D370-46A9-879A-B84AE624FAD9,38.619510650634766,-92.23208618164062,1
DA18A6E5-2B76-4E6D-AC3D-B92151DAC12B,40.319766998291016,-111.72062683105469,1
3DA023C9-82B2-4FA1-B6F0-B99421D11AD7,40.27635192871094,-111.6511001586914,1
78517518-3F9B-4969-B54E-B9A621016FE9,33.973514556884766,-96.39825439453125,1
CD3F5634-F27F-4AFB-AB1F-B9F79AA42597,38.61946105957031,-92.23210906982422,1
2B36A9EF-95FE-489D-9C81-BA02E061D403,40.71909713745117,-111.89330291748047,1
56706F60-D8EF-4495-9324-BD47FE43B732,40.2763786315918,-111.65100860595703,1
41D044F7-014C-45A7-A8EA-BF6E98892157,36.21775436401367,-115.05467224121094,1
A22B74F6-2874-44FD-B2F2-C026BF9AB4D1,40.27629852294922,-111.65088653564453,1
29361F8C-4A7B-40E9-A387-C079905596F6,40.308650970458984,-111.76067352294922,1
3584AF17-1060-4B07-8463-C22A8BEAD42C,40.27638244628906,-111.6510009765625,1
30B4F625-B216-45D7-8EAC-C3B86C2F96E6,40.30873107910156,-111.76071166992188,1
FE982EDB-DFE7-478A-B2CE-C46434E276A3,40.27635192871094,-111.6511001586914,1
9BADA0EC-EFEB-4C83-8B3F-C58726C7F5F4,39.15922164916992,-84.75019073486328,1
FB262C7D-19CD-4388-820D-C5F1B265C7CA,41.891448974609375,-87.61962890625,1
A43897CD-941D-4637-967A-CA6FA6882B15,41.89143371582031,-87.61962890625,1
BAF03B9C-5039-4B1A-AAF4-CA9F8CB406A6,32.921634674072266,-96.8494644165039,1
8A452440-2B84-43EC-9E4C-CAAEC7BCAAB1,33.235145568847656,-97.08873748779297,1
8E15EA60-CABD-4F4A-B8D7-CCB9D0FC462A,32.33366394042969,-90.1477279663086,1
CABF3918-E8A9-4AA8-A59E-CD0E5A6B8191,33.79753875732422,-84.32413482666016,1
7BE3334D-B8B4-438D-9032-CED66EC4B58D,38.61939239501953,-92.23211669921875,1
73D91B49-DA8C-4E11-931C-CF0CFB3944F7,40.276424407958984,-111.65107727050781,1
3BE5F6BE-9C05-42E7-ADA4-D2A5466DFDAA,43.0918083190918,-87.89131927490234,1
CFD69729-5922-401E-95D6-D381616A3172,40.759178161621094,-111.89512634277344,1
5F640A59-7C08-4396-BE85-D51ACEA8153F,40.276424407958984,-111.65087127685547,1
D3FFC5D8-123B-4BFA-9700-D7717AB872DB,38.61963653564453,-92.23210144042969,1
3CCC7A7A-C802-46D6-86AD-D8FB6032979C,41.95583724975586,-87.73745727539062,1
938F70FB-E97F-4835-A655-DC1B55455FD9,40.27638244628906,-111.65098571777344,1
C830FE7D-21B5-4464-B290-DC66E2837667,40.27638244628906,-111.6510009765625,1
8266909B-CC98-424A-BCF6-DE00705E1176,38.61927795410156,-92.23223876953125,1
8D459145-61B3-4552-8CFB-DE733F3BA53C,34.00727462768555,-118.48391723632812,1
8ED25ECF-FA58-49A8-AAE0-E02C1E02599D,45.2028694152832,-75.83699798583984,1
498F6545-7816-4A9F-884F-E1F1D31F6C43,37.8192253112793,-122.21541595458984,1
BB14D9C6-0AB6-4572-994F-E2DDE915B747,49.834510803222656,-97.10431671142578,1
DA10285F-86A5-470B-81E9-E397A5546640,46.39967727661133,-116.80117797851562,1
97B93105-C28A-4D71-B726-E4BFB47A48E5,40.27638244628906,-111.65100860595703,1
386BAC37-FABE-4021-8E00-E4FBAB7225CE,40.27861785888672,-111.7067642211914,1
CC4ED8DD-1B3C-4C7B-813E-E78C46C387A3,40.71615982055664,-111.90664672851562,1
D6972C23-E65F-4847-94F7-E7DE12DD7978,40.276390075683594,-111.65100860595703,1
8F64FA60-619E-420B-B34F-E8871D85D749,40.27642822265625,-111.65098571777344,1
74A180D4-7AB9-40B7-898B-E98E89F7DA8B,40.30870056152344,-111.76068878173828,1
EA5E135F-3A92-45C2-B63E-EA6DB2235747,40.238487243652344,-111.70516967773438,1
C4C09ABF-36E9-4AC6-91E1-EC297F555F5C,40.716312408447266,-111.90663146972656,1
CB7DFDE2-BBC0-4C1D-8632-ECB72F24EE2A,40.27643585205078,-111.65108489990234,1
2DC81899-7C80-44A3-9032-ECC9CA461A85,40.308685302734375,-111.76068115234375,1
F133266E-5C28-4DF1-8FFD-EDBA802E713D,32.8282356262207,-96.67586517333984,1
E240F1B8-E86B-47E8-8C25-EF4166A41425,40.30869674682617,-111.76068878173828,1
290BE39D-E717-4808-BCCE-F361A4F649CF,40.308677673339844,-111.76067352294922,1
8F0D9A05-0950-47B8-B25F-F893F7A1F58B,40.27634811401367,-111.65108489990234,1
DFF457EE-6D27-46D1-ADBA-F895F502E2DE,40.31833267211914,-111.72138214111328,1
7CEB15FF-1828-49C0-9099-F8EC512A523A,47.72492599487305,-122.30558776855469,1
881473C7-DDD3-481C-89CE-FB67C8A272BA,33.918033599853516,-84.38798522949219,1
C4C4D56E-C688-40A1-8BB5-FC5C1B0E66DE,38.61927795410156,-92.23223876953125,1
0BDA7614-A33F-4411-BFD4-FCEF84E947A8,39.75761795043945,-84.19139099121094,1
26DA7AA5-16F5-4428-91C9-FF8D29C9AC51,40.2578125,-111.66944885253906,1
CB2A2728-A149-4BEA-935B-FFB81D2F27E8,40.27642822265625,-111.65106201171875,1
3D26C22E-5438-40C4-AA8C-01102C7FD755,38.274131774902344,-104.53106689453125,1
7FF9AD5E-E507-4C0A-9F87-013597EB7E27,46.985313415527344,-122.9061279296875,1
D5916CEB-7713-4EC2-827A-0136A4E588E9,34.434722900390625,-119.7240982055664,1
4C1F72D5-3724-4445-86BC-018E9D4FCAE1,29.798938751220703,-95.37924194335938,1
91704A9F-2C4F-439E-8172-01E5335B3253,42.4,-92.3,1
FED332F0-8CF8-41E5-AE3A-0314D1B69CD9,38.91130065917969,-94.7157974243164,1
4E949F9D-A5C6-42B4-8223-038860FCF16E,31.02649688720703,-83.47403717041016,1
253CD30E-4179-44AE-AB05-0463377781E2,37.75185,-122.40369,1
04F86C00-5ED3-4967-9D1C-04697176C73B,43.561283111572266,-70.207275390625,1
280123D5-475C-43D2-8F94-052D95FA5C78,36.47431945800781,-121.35704040527344,1
072D673D-7027-4095-A82B-0582F7FEB344,34.68798065185547,-84.29039764404297,1
FAC91DC6-55B9-48F9-B703-05832D08049C,40.15658187866211,-111.62762451171875,1
436185D7-AF17-4C0B-B0F9-060A91A73EF3,27.55442237854004,-82.1571273803711,1
BEEDF754-A703-476B-896E-064E48F1D10C,45.20295333862305,-75.83696746826172,1
B6478AB7-4C53-4BA0-A3A6-0660E5E98992,33.87466,-112.1588,1
59C4AD78-89EA-4019-9A33-0678046678E5,36.96331,-120.07016,1
725F88CD-8350-404C-977F-06C8E83CFACB,40.2917138,-111.7437528,1
648CCBD3-A6C4-4636-8D75-0701B488FFA5,35.06492233276367,-106.76109313964844,1
35061722-BCD2-4AF0-98E6-070B8EF11332,46.746620178222656,-117.18505859375,1
C81A4DCA-AE32-4B1F-8C90-07F923314A01,40.572284,-111.840047,1
073F0817-BDBA-4CD6-A3DB-082F252ABD6E,38.245462,-85.573232,1
3E2844D6-70FB-4FB6-B5CF-08A86976D5FE,39.1987419128418,-76.90454864501953,1
D121AEB6-8F07-4C3E-A176-08E549783604,45.327701568603516,-75.71159362792969,1
CCBE355F-EA78-44FD-A967-0905F5143ADE,30.365299224853516,-97.73778533935547,1
8F0437BB-1195-424C-8E5C-097F7D29D429,32.9648093,-80.1651489,1
E3461D4F-E2D1-460D-94BE-099E0B764941,40.152652740478516,-111.62973022460938,1
75EABBF1-2F59-495A-8B65-0A570F527580,47.20368957519531,-122.4742660522461,1
33C93210-202C-4CD4-BDEB-0B3738F23774,42.45389175415039,-83.00909423828125,1
577CEEA6-AC0F-426D-A4FB-0B57CC48B257,47.07973098754883,-97.04660034179688,1
D8C19FD5-153D-4963-A9A2-0B6287E11D91,30.30586,-97.72741,1
7554F662-2B11-48C6-A4ED-0BBE21EBCAEA,49.28862380981445,-122.9830093383789,1
04AFA05C-4836-4D7C-B343-0BDDE192E962,33.79771041870117,-84.32424926757812,1
17F2FB97-D006-4BF5-927D-0C694CACC8AE,33.86823654174805,-86.82746887207031,1
735E5DE7-38AA-4917-940B-0CF977811794,30.271303176879883,-97.74028778076172,1
847BB422-BCC9-4EE7-9D15-0D3EB15361E9,39.1987419128418,-76.904541015625,1
30518AA0-2085-4D4C-825D-0D8FFB2705B8,41.11494445800781,-81.5731201171875,1
3B938A18-E227-4940-932C-0DC0B2D6D379,38.82215,-121.1258,1
407C8C27-77C3-44A2-B43F-0E27507C0D96,39.0833854675293,-94.57698822021484,1
6BA0CABE-1A42-4DB2-87FC-0E342D214345,46.98533630371094,-122.90617370605469,1
5FC24341-0BA2-430B-BB7C-0EDAA23E9F59,41.11496353149414,-81.57330322265625,1
597DB8B7-4081-4657-B906-0F383B77EFD3,32.35135269165039,-90.12385559082031,1
2E4EA861-02A6-4EE0-950D-0FA6D35E3296,49.833072662353516,-97.10456848144531,1
3FB7C265-F429-4500-8513-110709A49138,46.9858283996582,-122.9049301147461,1
30A2EC8D-05B0-4467-B45F-11458DC02682,33.79747772216797,-84.32405853271484,1
84B9A8DA-EFD3-4BCB-B819-116AFD007F66,44.3031120300293,-69.7697982788086,1
AC4CE55E-61CB-4487-B879-11B4E89D5A66,46.985313415527344,-122.90603637695312,1
72F6152D-A49C-4F78-A663-11BA26F378B2,36.531544,-119.586168,1
FD25BE65-866A-4570-AC26-11E9F545009E,41.44266891479492,-75.65570831298828,1
F0CD1DFD-EDA1-42F3-8747-120A102630F7,33.69060516357422,-84.43293762207031,1
207ECD42-E1B4-416E-BDF4-12E689BBD67F,29.687597274780273,-82.45133972167969,1
15453A84-CF84-4A60-8CD9-12F465CE3EFE,41.66419219970703,-91.53630065917969,1
A0D7803B-7A73-4A92-8AB2-12F58DFC60DF,36.211891174316406,-115.14016723632812,1
2E6391F2-E4CC-4AA6-A5AA-13196C5EE3A3,38.14,-85.44,1
D80B1236-522A-4996-B5A1-13C2174BA718,46.48435974121094,-80.85106658935547,1
CD14F839-57CB-4108-8656-1496735BB551,38.2042,-85.6411,1
94CE2073-62EA-4CB9-85CF-14C35B4D5C5D,40.152587890625,-111.62957763671875,1
1F342310-68F5-4AA4-986B-14DCE3569A09,41.718284606933594,-87.97886657714844,1
846017DA-15B2-49D6-8190-15EB5ADF4A56,35.13456,-106.58567799999999,1
3D1124BF-B471-47BE-AB4D-1686E5DD4D2B,28.364765167236328,-81.16993713378906,1
0E01830D-1E2E-47C9-90AE-16BE0E7415AA,32.678892,-97.2104,1
660DE95A-DDCD-44C8-A4C2-1727DADD745A,43.085723,-89.370098,1
0E36CB45-7D09-4FA3-AE5F-174D6B0E8C2B,50.630367279052734,-96.98045349121094,1
CB07F011-2BB0-482B-B19C-183308749E07,33.97083282470703,-84.54857635498047,1
050C7814-4CBD-4E24-AEDD-18D7F3063988,40.2832283,-111.6394736,1
6394555F-092A-46AF-A816-1949FFE7308C,35.748291015625,-94.67003631591797,1
8D7D5253-E5E6-48FB-A9C0-19E983CC5FDA,40.276274,-111.650989,1
3C6D880C-BF9A-4F0F-B90D-1A34828438A3,41.971500396728516,-87.7603988647461,1
B9933844-27DF-4769-87FE-1A9B8BE502E8,44.54999923706055,-70.55999755859375,1
3CA5BC4F-CE14-4501-A18A-1B20C88148B1,37.64041519165039,-75.751953125,1
2BA65497-7636-49B0-9718-1B9D4C892AFA,30.305808,-97.727238,1
A59BC705-1572-42F3-822F-1C88CAA25868,33.467731,-86.776176,1
0181DCAF-120F-489B-9F18-1CEAC74595A4,39.75602722167969,-84.19857025146484,1
CEF7D702-9C4A-4065-B899-1D427BEF19E2,44.04365158081055,-123.09156036376953,1
7484D7C5-3182-4F8A-B1E6-1DCAD0293635,44.550498962402344,-70.54679870605469,1
F5CD6340-A899-445F-BAA7-1E914C2EB715,37.142056,-113.621056,1
1F0322F5-1E9D-4EFF-A44B-1EC371CBDA62,44.54999923706055,-70.55000305175781,1
5578EDCB-BBC7-4CED-B76C-1ED8FD4DD67C,44.55216598510742,-70.54662322998047,1
D00F9259-B9B8-4179-B31A-1EF740576AEE,47.70000457763672,-122.32709503173828,1
B55BC671-4BBC-401F-9C2E-1F902BE4084D,39.95636749267578,-75.16251373291016,1
CCD137B6-31E3-4785-9F99-1FE638E69953,30.203631,-95.567519,1
7C7A4E4D-AFA4-49C2-9343-1FE89C74C8F5,40.24626,-111.66618,1
0A988D89-D7A9-43A7-9E60-20536FC76F99,36.898634,-119.745607,1
B60A789F-C6A7-499F-B699-20EC03476A6F,44.29973220825195,-69.76561737060547,1
230CE2EB-C75B-4B3A-A5F7-2122E5B94829,33.02649688720703,-96.80908966064453,1
F0B02172-C8A4-451D-B79D-218B1A34080B,40.6992753,-111.8142659,1
9CAB6E80-8634-4469-A2B8-21AF0BDE5580,44.53230285644531,-123.25483703613281,1
8993A983-EECB-4F06-864A-22119C9A4589,39.15922164916992,-84.75019073486328,1
DB4663E7-E066-4918-ACC9-2239AF264E4F,31.49127,-97.2902587,1
403050C0-C184-4209-93FB-23E6C89DE0A5,45.20285415649414,-75.83696746826172,1
B74802D0-603E-4BFD-843E-23F55D2A85E9,41.791900634765625,-87.60282135009766,1
7D8B9384-2888-4AD6-AF10-24AA15A2DEC1,45.20285415649414,-75.83696746826172,1
653C97A9-ACC9-4A11-A4F3-25721C89DCF6,38.0759044,-122.1550394,1
9B446872-F6A1-46E8-AB50-2644CAE64A2C,42.50486373901367,-83.00476837158203,1
105329D9-2E60-4491-8EAC-26EF39114356,33.874713,-112.158836,1
43368C3A-3AE6-4A39-8672-271849B0516F,45.720714,-122.644705,1
84CAD589-F8ED-41B0-8232-298E423381A5,46.95461654663086,-123.80375671386719,1
F4E0E9EA-298A-4499-B9A0-2A60F6833A63,41.9237384,-87.6567248,1
9CCA294F-7E21-4094-9A19-2AB25150235D,40.27736282348633,-111.65348052978516,1
58E266EA-81A9-4954-904B-2ACE79AE584B,40.060493,-111.67506,1
86E4EFB8-A587-400C-802F-2B66BCCDB53B,42.448848724365234,-76.47587585449219,1
50584F4D-D35B-4C40-9647-2B91B555E10C,40.31834411621094,-111.72138214111328,1
489A6D54-CBF9-4546-9665-2B943932F121,30.28350067138672,-97.74739837646484,1
319F6A96-0FCC-4CB5-AB83-2C176F5EFAE2,29.798755645751953,-95.37828063964844,1
99F0C3B3-FCE6-49B9-A4A4-2C25F47A601A,29.798755645751953,-95.37828063964844,1
CE9ABD63-EB4F-4C2A-A323-2C335F52D357,44.020687103271484,-92.46765899658203,1
F9CD8C9A-71C1-451B-9D09-2C872F06128D,31.96253204345703,-81.01410675048828,1
4B08B639-86D0-44A9-8C3A-2DA1A1EE67B8,40.283182,-111.639576,1
4F90968F-C0BF-4663-B723-2E96C0785E55,33.75209426879883,-84.38528442382812,1
62E530FD-1026-43B2-8AC6-2F09E3AB54A6,30.398177,-97.729989,1
9737F582-74C9-424C-B983-2F9D7A18F886,29.73211097717285,-95.33038330078125,1
15F55748-5A3E-40A2-AEF6-2FA8B42E6C67,47.049442291259766,-122.88584899902344,1
5D8CAD9E-3DD5-4049-B14D-3027114AC9BB,39.3975833,-76.752851,1
35B55745-0B8C-4F55-971A-308AA9ABE223,35.41920471191406,-99.45316314697266,1
95BCBAF0-1FE1-4EF8-8A03-30E5FF188376,33.6889533996582,-84.5129623413086,1
ACBAA8BD-CEEC-4382-98EC-31B7D686A20C,35.13433074951172,-106.5851821899414,1
51D3088E-0DFE-4475-BEBB-31DD9C00DE3D,40.7771249,-111.8961937,1
23A58785-9C27-4B47-8ECA-324BF207D810,41.52448,-93.73701,1
48A8BC32-BEA3-4B66-BDA9-3273162D20F4,42.294376373291016,-83.7115249633789,1
A0CB45DD-5578-4975-9819-3284B1A382AF,32.82811737060547,-96.67601776123047,1
F451A96D-C491-468E-A9D3-334F0D802B89,30.3525885,-97.7523046,1
AB17F689-82BF-4068-9B1C-3454280218A7,43.658443450927734,-79.34300231933594,1
5ED9BA69-703A-4EDF-9CC1-3569BC857AE8,39.1596565246582,-84.7505111694336,1
F81ADCB3-BC10-4B90-ACA1-3683C2F2E600,35.06494903564453,-106.76097869873047,1
27BC23E6-4BF5-4275-9630-37C71C1E58F3,33.97074890136719,-84.5487060546875,1
3BEAA94B-3ABE-4512-9535-388DD04319B4,46.9852180480957,-122.90625762939453,1
A11C0266-626E-4683-94C4-38AD18452FBB,40.157020568847656,-111.63180541992188,1
5AB8F521-9FA6-48A4-9C70-38BCC9A902D8,39.20267105102539,-94.64842224121094,1
B7F95BD5-ACC0-4718-A9A0-38D90EE6C017,39.083953857421875,-94.57708740234375,1
7352AC97-BFE7-46DC-A93A-396C998D39BF,39.20336151123047,-94.64888763427734,1
9A2C40AD-8A36-446A-91D5-39D8BA64A1E8,44.302955627441406,-69.77092742919922,1
58E1C888-00A4-4117-BA4D-3A417C066B89,44.40985870361328,-73.19634246826172,1
0C63C007-5578-4969-9BFD-3B3098460319,40.665,-111.801111,1
C4472C9A-82CC-4BCD-A229-3B42B761E6EB,37.1331172,-121.6446031,1
DD68D5E8-F8EC-452D-BEE1-3C06051F3CC7,44.8446044921875,-75.81562805175781,1
37B51B89-28C8-4E1F-A6A9-3C67EFB9CF7B,38.299339294433594,-85.65923309326172,1
15BA27AB-46B7-42B0-AD75-3D0B7C02FE87,35.06462097167969,-106.76145935058594,1
D7E5757F-4B46-4956-9E35-3D80BC023DBC,38.2287952009058,-85.65418820389642,1
E89F1182-8AA6-49BF-8A8F-3DF0A78BE69C,34.11384963989258,-118.32260131835938,1
89F28D4B-1581-47C5-980A-3E7D4CD66D1E,35.54044,-80.91478,1
6CC548BE-FD0E-48D6-A440-3E8631AE3149,39.75684356689453,-84.19142150878906,1
EFFD3525-CEF1-45F3-B98F-3E9103FA607E,45.504276275634766,-73.58186340332031,1
C6ADE079-840E-4A36-A4A7-3EEF9F742465,44.71980285644531,-63.681610107421875,1
C3F4C6F9-FF85-4E20-A59F-3EFB5F310CBB,40.308658599853516,-111.76070404052734,1
7FE56515-8F03-4818-B25E-3FD0CA9DE0D0,28.015913009643555,-82.19747161865234,1
2A555DA9-5378-4302-AB8F-40115E49DB5D,36.514678955078125,-120.44091796875,1
A9C15D5C-D35A-487C-8FBB-404E4BFC2F5C,39.12902069091797,-84.50383758544922,1
1734D5BD-F43B-442B-ACAA-409F2E3A391C,41.3177565,-111.971139,1
CC62E0FD-3241-4316-9054-411E56D3BBEC,37.657345,-113.139416,1
18E7FBA7-F3A6-4C01-BF1E-4156FC8DAEA3,30.23022,-97.753992,1
6E8F6292-1D4F-4393-A02B-4181BAB98240,45.4471357,-122.776887,1
2838A201-A3FE-487C-ABAD-41E91AE5CAFF,38.913269,-77.28355,1
6F997305-AB20-42B1-800C-424C5D85400B,34.43584442138672,-119.87940216064453,1
3E90CB90-48BB-4098-9D58-4449EA5108BA,36.10050582885742,-115.14347839355469,1
B2FFDEA1-9BA9-411F-9E95-45C84818E20B,43.20586013793945,-79.06077575683594,1
DBCE8240-FECC-46F5-A006-45E6F97BE1B0,40.37224578857422,-111.7744369506836,1
2A20A132-BF47-4097-8EE0-45EFADFAB695,43.16600036621094,-79.08899688720703,1
F77B7C8E-A4C1-40BE-ADE1-46114C7EA72E,44.566322326660156,-123.26533508300781,1
8DB429DF-4D2A-4BF2-8DB6-4675094A8937,46.78417205810547,-71.29438018798828,1
C9CE5ACF-C274-4160-A8BC-46FC442CC88F,33.7303152,-84.4371216,1
1B717E62-42F2-48D2-A338-477524651A56,35.05088806152344,-85.2923812866211,1
2FA126C7-AB34-41A3-B25B-47A9FA6E2A8E,40.1398811340332,-111.58738708496094,1
00462C13-198E-4952-982E-47F4E82F52D4,46.27607727050781,-116.02006530761719,1
ED96AFD2-189D-4D85-A17E-480DAD654A6A,38.91150665283203,-94.71572875976562,1
A2B555CD-E4FA-4DE2-B423-48858C600D4C,44.58683395385742,-123.26220703125,1
2E8CE013-65DC-4C49-A867-498541C653BB,33.21773147583008,-96.68072509765625,1
85A36462-4276-47CA-B497-49CE0DE7C7FD,41.79252624511719,-87.60264587402344,1
12224440-458B-4C68-A1C5-49D1D591F512,33.79753875732422,-84.32413482666016,1
2085D55F-8CCB-45E6-B672-4A655630AA4E,31.4669246673584,-83.60678100585938,1
B2887C63-9144-48CD-B9E3-4A90CFC93471,36.03857421875,-86.7848129272461,1
17005C9E-61D1-475E-8E8F-4A97DC830774,38.7983068,-121.2176061,1
4DE223ED-0DFC-41EA-AFB5-4ADBE3E022C6,30.01976,-95.5522,1
3CE5FE28-87F5-4960-9606-4B2828D4C3FE,29.79878044128418,-95.37852478027344,1
AE61D21D-98EA-449C-ADF3-4BC512013C45,39.839534759521484,-110.9787368774414,1
DBC9156A-9C7C-4F0D-B399-4C1F25C93904,39.19878387451172,-76.90451049804688,1
9CDF2A60-449E-4374-905D-4C4C9DBEDAD3,36.898634,-119.745607,1
4C940E5A-780A-4965-9B23-4CA931047E22,44.021400451660156,-92.46630096435547,1
C0F725A5-D9D3-47B0-8C0A-4CFA5B0226DD,39.5032844543457,-104.79191589355469,1
356D536B-1C05-42B8-A0AB-4D947C8EDC68,41.873098,-71.064018,1
095A6C9C-141D-4E9F-99D2-4D9A53E0F0BF,30.365270614624023,-97.7379379272461,1
B4EF9654-D0F2-4EA4-8F6D-4E5CFADA02F5,40.424097,-111.788338,1
79991FCC-D1C7-45CE-AC14-4E8B511D08C2,40.31865310668945,-111.72126770019531,1
ED5C4172-015F-40C5-BD84-4F423ACD22A4,49.833072662353516,-97.10456848144531,1
5803B944-52D4-4653-BCC6-4F6FC7DEBA60,36.473026275634766,-121.35575103759766,1
FBFD0EAE-9BAF-44CC-B45C-5067A270DB5D,40.3087158203125,-111.76070404052734,1
44B8EAB5-54AA-43F6-B2DC-50A26694B365,47.00511932373047,-122.90682220458984,1
B411B168-F38E-403A-8C5C-50AC0BC1EB04,33.82,-84.3,1
93057461-F6E5-408E-890C-514B26D9ADA7,32.82820129394531,-96.67584991455078,1
4E08B35C-7BEC-49BE-840A-529E4CF0465F,41.581241607666016,-87.85497283935547,1
E48EBFE1-8133-449A-8653-52AC657A55C7,33.9708,-84.5485,1
BF927F76-73C1-4963-AA41-53B63BAB48F4,40.665,-111.801111,1
30A1044D-5120-437E-9080-54300366E678,42.33158874511719,-122.93809509277344,1
345153EE-D11E-4EE9-99DF-5536A37AB68C,30.30586,-97.72741,1
8A99F737-6E95-449F-9D14-5593499B61D8,36.229766845703125,-95.2496109008789,1
195B6CF6-B8DA-41FA-A751-56BD6A525910,44.270835876464844,-76.48084259033203,1
26CA3BAE-70BA-4534-BD82-5738FC4EBDD3,44.5539665222168,-70.54228210449219,1
A75DF005-AB20-44A6-A6E5-595C83079E58,35.0646,-106.761,1
5D5BB387-FD33-4FD2-BAF5-5969D650E824,33.688720703125,-84.28801727294922,1
B2D724BD-AC85-40DE-8BE7-599786BD7673,37.38893127441406,-121.99220275878906,1
4E0BE73D-E581-46FF-A6EE-5A3340E328BA,38.73543930053711,-77.78006744384766,1
C58429DD-2DE0-4973-98D8-601535EBD5F2,40.81137,-73.92371,1
9E3B7407-998B-4FC4-B0B2-60B61C935516,40.30874252319336,-111.76071166992188,1
23BEF92C-6182-4BBA-8236-60BB1E5AF8CC,44.55216598510742,-70.54662322998047,1
F3927494-8619-4BE0-BC8E-614C642162A4,36.5316162109375,-120.405517578125,1
0AAE3796-5BAA-4241-B91F-6192FC9C3F6E,43.085723,-89.370098,1
0DFE27B6-D0E5-4E0D-B244-630757E9A064,46.141597747802734,-116.7408218383789,1
0AE6DC9E-5762-408C-8160-633DFB23367E,44.566383361816406,-123.26502227783203,1
1C5677A9-277E-49CF-8D8F-63544BA167E8,52.09366989135742,-106.57593536376953,1
84A79ADB-48BB-4720-9551-637E2F2BD3F6,36.5311279296875,-120.4349594116211,1
4CAF11CA-FED9-424F-9C55-64317075F318,43.07457733154297,-89.41002655029297,1
6E5E10F7-620A-4131-8191-64A05090B750,40.152541,-111.629506,1
B99E7D90-9E63-4DC3-BD09-64BE96C1B739,39.302796,-84.374792,1
F49A99EF-968E-40F4-98F9-64C988416C7E,45.66851806640625,-122.6011962890625,1
4781F943-0A0E-4A39-8810-6523A3C88D8E,29.686931610107422,-82.45149230957031,1
6CF6BE7A-5321-4169-B9FA-65BB84832FA5,46.98558807373047,-122.90498352050781,1
91B5E811-A3FD-4473-A739-65DAF61FE04C,42.44,-92.31,1
B2115504-C283-41F7-8031-665A6FDBA5DA,33.970787048339844,-84.54872131347656,1
5D2D3E91-A89B-454A-8D99-672C8B69D153,33.039139,-117.295425,1
49EBE97D-7114-44C3-A969-675185463D14,38.7983068,-121.2176061,1
5BABDB17-1449-4463-A42C-686F70D06C3B,43.65282440185547,-79.42474365234375,1
77D1603A-608E-4C6F-9250-68B56E0B5F72,41.67862319946289,-86.23527526855469,1
8359378D-D204-4620-950E-69FE912401E0,37.840511322021484,-122.21564483642578,1
4A0F42A8-CA02-405F-A107-6A336033996C,29.702611,-98.124694,1
E7E8EFEC-D685-4064-9A43-6B0FC454541A,25.688803,-100.350101,1
4F5D8018-497E-499E-A4F7-6B50076DA88A,32.92163848876953,-96.8494644165039,1
8230B95A-937A-4AC2-8187-6B92C8D1CB8F,40.3087158203125,-111.76070404052734,1
08BDAFDF-90B0-42D1-81F7-6B9F964B0DD5,45.27865457585932,-122.75245371800042,1
6921B6DA-F828-46E0-BFE7-6BA4F9DCF031,46.985843658447266,-122.90571594238281,1
7F74A30B-5735-4468-B4F5-6BB5BDA359B9,37.76102,-121.90136,1
EB66A2C2-6D68-4A06-B959-6C7D3B717AA9,46.985206604003906,-122.90605163574219,1
583F6DB0-3F42-43D6-A8A1-6D030829D12B,46.98525619506836,-122.90613555908203,1
78040CEC-108C-47D3-8805-6D1E458B021A,44.04361,-123.09157,1
C800171B-C84F-44C7-A0CF-6E1A83F449B4,36.109853,-115.142924,1
667045AC-7EB4-4EF3-9279-6E8BF2D12BEB,33.874664306640625,-112.15879821777344,1
D99B76A2-FABE-4826-9653-6F3EE3BB5642,44.943722,-93.094276,1
A23101EE-DBB5-485C-9E15-70784F824061,40.27629852294922,-111.65088653564453,1
D9C1EEA0-4CA3-4FC0-81AC-7093C520E565,48.437801361083984,-123.41323852539062,1
F8536B19-1E9F-4135-AE3E-7172051147CC,35.463982,-97.38855,1
90790FE7-7EE1-4C11-9A7B-72937548858A,44.331939697265625,-72.75428009033203,1
6BCA8DA4-6CBC-4384-BA24-72C933E9129C,28.016672134399414,-82.19965362548828,1
B368B78A-0C7A-48D6-8F42-734031824F03,41.666229248046875,-111.89141082763672,1
0D2DC605-2B3D-416D-9855-738F14D1A366,39.020259857177734,-94.5889892578125,1
81818F79-26AC-43FB-A280-73C1387A4419,39.08313751220703,-94.57740783691406,1
C6E18BD7-C773-4876-A8CF-7411A42B0F27,33.02649688720703,-96.80908966064453,1
B014197C-CE28-4A07-87C1-744ACBC978A8,40.27616882324219,-111.65101623535156,1
6044721E-5113-4FDD-B4BF-74526AE31CD3,40.0371313,-105.2815474,1
7D3167A2-E6D1-405C-B4F7-745273F4B3B6,46.69666290283203,-68.0328598022461,1
7B26FD68-0144-4E83-81E1-7456D71FB910,44.29999923706055,-69.7699966430664,1
E5DE5CFF-FF6C-4EC5-A139-74A05BC468E1,33.79033660888672,-84.32649993896484,1
907B29D7-C643-4C59-9C05-74ADAB010664,40.15065383911133,-111.62909698486328,1
F4D31DBD-8CD0-4EC6-88B3-755CFBC2D395,33.87464,-112.15882,1
85AE35F1-5DFE-4714-9B65-7568469CA5D6,45.327735900878906,-75.71161651611328,1
24D2F6E6-0341-4AC2-A872-772D6E0AA249,30.742775399989995,-83.15333429999998,1
C9C160B8-FF7C-4EB9-B007-774D507CBDFD,33.79701232910156,-84.3226318359375,1
91502234-E20C-428E-AA3B-78B03C59F405,43.07457733154297,-89.41002655029297,1
1C243B2A-184D-4061-9FA1-78C671FBBED1,35.03464126586914,-118.90348815917969,1
B98EFE2B-93BB-4732-89D3-78E24F1A1FA0,33.767269134521484,-84.38031768798828,1
2D85E1DD-7EE1-4FB8-8DF8-7942F0EDF46C,35.353607177734375,-81.3583984375,1
35A587B8-0D07-4EC1-B0D6-799EF6DFA17E,43.316231,-89.326731,1
261FA4CF-C6C0-4168-9B1F-79BC9007CC55,41.11492156982422,-81.57315063476562,1
42A428F9-B25A-4096-B7CF-7AE0B57D7447,47.31151,-122.35984,1
3A7B3C93-39B6-4ADD-8826-7B3D9882FABE,33.79036331176758,-84.32189178466797,1
5915407C-1A14-4DE9-A9B7-7B9EA0993EBA,44.7441520690918,-116.15196990966797,1
DBC7BF35-DCDC-4A69-9869-7CE2E01438C9,33.767372131347656,-84.38032531738281,1
74EAE092-7A5C-43CC-A62A-7CE89D221E9F,38.673728942871094,-121.83908081054688,1
98C44CFA-4E9D-4396-B965-7D0FC0DC60E4,38.911468505859375,-94.71576690673828,1
A196481B-7CE8-4213-8AEF-7E2E2D80F762,41.21361,-111.934036,1
B7726D12-ED09-4BA3-9442-7E80DE69134C,44.043609619140625,-123.09156799316406,1
6CBC75C0-DD36-4157-88DB-7EE2D0C84309,33.971092224121094,-84.54878997802734,1
67EFFD92-BAC2-4F91-B8D4-7F6BBB7B44EF,46.98524475097656,-122.90593719482422,1
B3633CA4-5AB1-43C1-8EDB-7F94333A8464,33.97125244140625,-84.54833984375,1
E06D803E-54C1-409E-BFD1-7FD19621C370,41.11491394042969,-81.5731201171875,1
6E0D6B4A-DB8E-46F9-884A-822407149267,33.97089767456055,-84.54859924316406,1
C3675F04-CAEE-4D54-AA38-82364FABFC9C,40.31834030151367,-111.72135162353516,1
D8182856-7E72-44EC-9373-828455B0975A,29.488343,-98.612596,1
607AB823-0A1F-4C39-84D9-828BBF3EFCBA,39.084228515625,-94.57720947265625,1
41E5558F-D145-4576-8754-8464E8664E14,40.0371313,-105.2815474,1
9B1BF193-C4F7-4D56-A506-846578F19882,36.96275329589844,-120.0703125,1
78E50422-1FCB-466E-856B-8479C30D9136,43.317563,-89.327953,1
4F0AD15C-8219-445F-B76F-84897541D0D7,33.231285,-111.658918,1
B478614F-5A15-419F-99E9-84C38FAA8D01,40.2761935,-111.6505774,1
689DE1A6-58EE-4E35-B7A9-86A4422F0074,31.161422729492188,-82.60944366455078,1
7218C6F7-7524-4B05-91D7-87508F9318D4,33.02649688720703,-96.80908966064453,1
16AAF939-714E-41CF-87CA-876A614A3BFA,35.13497543334961,-106.58553314208984,1
65CB277F-6B29-47F6-8338-888181126E29,40.27616882324219,-111.65101623535156,1
339600E6-63F2-4F01-8F69-889A3641CFFE,45.20285415649414,-75.83696746826172,1
BBC7C8E8-EF7F-466E-98A7-88EBD52B663B,44.0206413269043,-92.46922302246094,1
54363BBB-B710-4EE8-9974-88FA5B54E7CF,37.30375,-121.77524,1
5C6B8E87-C255-4BE2-93C8-890482B5BE1B,33.76750946044922,-84.38043975830078,1
C2E0BEDE-E708-4405-BE70-8928F3439DC3,31.06296157836914,-83.78862762451172,1
26F137C3-2B7D-4841-A02B-893B8CE4196F,27.57796859741211,-82.15677642822266,1
C29B246F-4CD3-4740-9D8A-8A06B5CC963F,32.96214,-97.29277,1
360F36EC-FF74-4E88-BF98-8B2905323341,33.231285000000014,-111.65891799999999,1
8E7677F4-077A-44BB-8C21-8BE700B16E38,40.30868911743164,-111.76070404052734,1
9F72B41D-4336-4F88-A3D3-8C0A3377C96E,50.63016891479492,-96.98416900634766,1
E62F28A0-7B80-41F1-A428-8CA1AF7FD920,37.4974669,-108.6475488,1
0653974F-F232-4F02-B79F-8CD8F235F0E4,46.985294342041016,-122.9059829711914,1
C3D5F3B0-686B-45F7-B733-8CF035B770C3,46.586814880371094,-120.52796936035156,1
E2ED389C-14B5-427F-8ADD-8D2D1E5E0252,30.283863067626953,-97.74777221679688,1
CCD3D70E-9B21-4411-88D0-8DF2359B19A3,40.308631896972656,-111.76089477539062,1
82DA2A5B-60F7-4768-8BBD-8DF40A07603C,40.156951904296875,-111.63106536865234,1
BEB1A5FA-0F00-4F37-85A2-8EDE06067571,38.316192626953125,-90.29957580566406,1
503C15D2-A3DD-460E-821A-8EF3C61A465C,33.687538146972656,-84.28968811035156,1
75A961A2-0C64-4858-9979-8FC8C827B3E4,33.467731,-86.776176,1
49250D56-EA56-4E2D-AD2D-91D3B5013392,46.985389709472656,-122.90589904785156,1
752277BD-3EF1-47EE-9A27-91E8C930CE7D,45.32775,-75.71167,1
BBF1F753-811C-431C-B2FB-91F9C98A85B1,45.20285415649414,-75.83696746826172,1
972D2FBE-E656-4862-89C5-929F1BB2585E,44.54899978637695,-70.55000305175781,1
E0271BF4-9B4E-43D6-9551-939659A0DB48,40.11321,-111.58144,1
7E648233-B445-4FC1-B61D-93A45D565813,46.95250701904297,-123.80189514160156,1
D383B1A8-4D29-4301-B694-93D669C4553E,37.49645,-122.28183,1
0794BE0A-4FF7-41A0-B3EE-941852338EB0,47.66658020019531,-117.40068817138672,1
6B8F4B33-7207-40FA-BBCF-9456B5D42E34,35.41213607788086,-99.40779113769531,1
ED7F8F53-F877-41AB-8870-949974202971,27.972280502319336,-82.1952896118164,1
D1B822D6-E36A-4CE1-956D-9575F294E495,47.726409912109375,-122.30558776855469,1
EA8E7DE1-5280-40F4-A772-96889B6C1DDA,45.4471,-122.7747,1
D71C85C8-9B5C-44AD-AD4F-96C50A469520,32.8282356262207,-96.67586517333984,1
F1E37BAD-B9F1-44EB-95C9-97A80607500A,44.55052185058594,-70.54681396484375,1
4110F51B-3DC9-4F0F-A1F7-97C1C80C5CB3,40.732846,-111.951314,1
23FA09E1-D95F-421E-94AF-97EF26A41E21,45.55158996582031,-73.59337615966797,1
ED3A501A-FAED-49EE-9192-988C8C22F448,33.875030517578125,-112.15847778320312,1
0CB00B04-FBE6-4159-938C-9954F22FA16E,31.121248245239258,-83.77311706542969,1
368E4280-2766-4D7D-BD75-99C3FD58AD64,33.452327728271484,-112.07063293457031,1
44603556-6FA9-4882-963D-9AA9F6DE6C46,41.114837646484375,-81.572998046875,1
CFBCE0AA-E12A-46CA-A0A1-9C444A12D4B7,33.02649688720703,-96.80908966064453,1
1C991FC0-2975-4C99-A549-9CD4FDB24478,33.97092819213867,-84.54875946044922,1
C30C6963-4B6D-41BA-AF05-9D13204238E7,34.43590545654297,-119.87890625,1
2F30B6CE-3E5F-413A-B404-9EB89050042D,35.0646,-106.761,1
7DD7C3EF-92A5-48D4-8D8C-9EE44C7AC94F,29.702607,-98.124683,1
D0D7A8DB-FA3F-47C7-853F-9F6E9A350435,39.765586853027344,-112.06498718261719,1
C041E52C-FAF3-4871-B201-9FE7D65B81E8,32.93656,-117.07679,1
A35C9E54-8A01-451F-9629-A08BD9C5D169,37.69135500000001,-121.9017092,1
4961D66E-B21A-4D9B-9F06-A0BF2FC36A2D,38.248513,-85.747302,1
40B233F4-2282-4F9F-B347-A14178DAB44C,40.59368,-111.84792,1
379EC159-AC99-43BF-9D2D-A2371638B942,32.48469924926758,-90.09151458740234,1
CCD7B8FA-76C9-4389-B4A0-A2B906E1FC70,50.957271575927734,-114.1016845703125,1
FD89A6AF-F695-4B64-B995-A2F08D59FFF4,40.27617263793945,-111.65093231201172,1
EF5FD8F8-3248-4B3C-B4C7-A365A356896B,28.1827,-80.6049,1
738DA755-3593-42E0-8D41-A460C595FCBB,39.5032844543457,-104.79191589355469,1
E196508F-8331-49F1-A831-A46B140F5146,40.41178,-111.78919,1
E4302FF5-AFD1-4047-BB4F-A55955B457B4,33.824,-84.296,1
34FCAEA5-1FD7-4D87-9395-A5D066FAD347,41.791908264160156,-87.60282135009766,1
3834CB5B-7F0F-4DF7-BDBF-A6340F38913A,39.95637079999999,-75.16255530000001,1
5E5A26BB-42D0-48E1-AB24-A8DCB687E68B,38.619510650634766,-92.23208618164062,1
CDEA7ED5-1A00-4C6B-BC89-A900F55504E1,30.365345001220703,-97.7379150390625,1
74AD4946-5172-4D82-9B9A-AA3F72E59948,42.33158874511719,-122.93809509277344,1
57699A3F-4FE7-474C-A4CC-AABA34EE6F7B,44.551902770996094,-70.54365539550781,1
C845B386-1260-4747-8C25-AB48CBF274E2,30.52896499633789,-97.60069274902344,1
9843358A-923A-4774-84CB-AB90DE803734,40.312945,-111.898672,1
47A0F89B-34C7-40C3-933B-AC80EDC48E58,35.408180236816406,-94.52415466308594,1
1E7DA801-A077-4963-B35E-AD3475E79CA6,32.84336471557617,-96.6950912475586,1
18C76702-5E25-4392-A116-AD644869ED3F,44.30392074584961,-69.76996612548828,1
79E250D5-EB5A-40D7-9DAB-AD7B8AA31E3A,45.48012,-122.77939,1
CE7E811C-8B24-470F-9B3C-ADEC2FE0CCF7,45.20286178588867,-75.83699798583984,1
685EF2FA-56B1-4737-A767-AE009295738A,41.666229248046875,-111.89141082763672,1
CFC11A2D-FEC5-4031-B425-AEE32AB62E63,45.561336517333984,-84.67952728271484,1
7AA3C67A-9D3F-42A3-9901-AFC5C2AD56A8,40.30870819091797,-111.76069641113281,1
8AAFE44E-888F-4A9A-A2CE-B0316D191070,33.764991760253906,-84.40914154052734,1
A73E57F4-0EED-4AA9-859F-B06CB084FA37,40.30868911743164,-111.76070404052734,1
6FF06C57-F55A-49D8-BB42-B06DF0107F77,48.3278923034668,-102.58172607421875,1
7D39F910-0F1A-47D5-8A19-B08365C2C6AC,32.828094482421875,-96.67611694335938,1
4566E18E-BC56-47AD-9622-B0E83F1B9A2E,44.30392074584961,-69.76996612548828,1
E2348BF7-59EC-4A26-A15E-B12B05A636D8,40.31853485107422,-111.7215805053711,1
50723900-3633-4758-AA42-B1E17485D7AC,39.755915,-84.198672,1
0C517C9A-9925-44F5-BB93-B1E406424368,44.02098083496094,-92.46858978271484,1
46931BE5-95D2-4ED9-A8B4-B1FEACCC9B30,33.82,-84.3,1
D09A6BB9-D43D-4AA0-A3B7-B20ED7F140B3,42.67631530761719,-71.13567352294922,1
528DD7F9-F7A1-45A7-8722-B2F2C8E0BBF3,40.59368,-111.84792,1
9ECB7710-94F9-4502-A64E-B32F6C80D4A5,46.9853630065918,-122.90603637695312,1
FA123B51-4B6F-458D-B3B7-B361652E9584,43.316231,-89.326731,1
2DC6A0DD-EBCD-41A4-BD18-B3A7222A7EBB,45.62478256225586,-122.55416870117188,1
4586B064-E5DB-4F54-B0B8-B472CA441B08,38.2,-85.6,1
26F55B6D-0499-4C98-88C8-B4A4DE28CEE9,41.7215795,-111.8111348,1
7AFCC1C0-A236-4F99-8494-B4AB0478808C,36.516265869140625,-89.07115173339844,1
A8B546B0-A7E5-4056-B68D-B526A2E0D1FC,40.31854248046875,-111.72129821777344,1
B63AAE03-564B-49F9-9BEA-B562F5302A5E,44.8174934387207,-68.77250671386719,1
271C555A-62C4-4703-8E38-B58E7EDDE4DC,33.97074508666992,-84.54876708984375,1
18F871F8-56CA-4A3A-A342-B5C3A4BD7D96,33.8,-84.32,1
4EC54443-140F-484E-9085-B69C8BC64D7D,40.74111,-73.99562,1
BB47182D-65C2-4E28-9B5E-B771DB9EB21F,33.35509,-96.55805,1
CFB29F77-602F-4141-92EA-B827CC4A7789,43.64126,-116.42071,1
0BC87780-6B71-4331-9CA5-B8770582D980,32.82781219482422,-96.6757583618164,1
C9075482-3949-4625-9C28-B882D8CA051D,33.9384765625,-84.37672424316406,1
3386A792-FC0B-416E-90CB-BA29BCBCDBA2,38.274131774902344,-104.53106689453125,1
E63493C9-4094-4EEA-951F-BB10EB4FE0D8,44.30311965942383,-69.7697982788086,1
84FA5489-4335-4D00-8BE6-BBA149544F0C,40.81230926513672,-104.74669647216797,1
96136167-8EF5-4BA5-8CFE-BBD8DA8FC444,44.30313491821289,-69.76980590820312,1
95395B02-0D14-41B6-BD63-BC10C9D57723,44.74439239501953,-116.15154266357422,1
FBEF3E36-0D8D-4C20-BABA-BCB635BB521A,39.95634841918945,-75.16241455078125,1
FED752D1-FFBC-4655-A0D7-BD82840DE570,43.25457763671875,-79.9166030883789,1
311186F3-03FC-47D0-AA1C-BE095783DD9A,39.9564,-75.1625,1
529D6DCB-4E10-45F8-AC45-BE7E70F0F128,39.198795318603516,-76.9045181274414,1
E3B357AD-DACE-48A5-85E8-BF2674328684,41.66623000000001,-111.89140800000001,1
D27DB68C-5B49-482C-A82E-BF808883E518,43.561283111572266,-70.207275390625,1
280129DE-3464-4D87-A04C-BFB1BBDD7811,40.2761935,-111.6506291,1
DD155983-B5E5-4F86-A5D4-C04379611CF8,29.79905891418457,-95.37867736816406,1
835D3174-12BF-4EF9-92BA-C07D031211FC,35.063776,-106.761498,1
63EAD63D-9A6A-41BD-9029-C10BC3AEBC8F,30.281940460205078,-81.51457977294922,1
D5EF9E0C-8DF7-4F6E-BEF8-C118D990E702,47.59286117553711,-122.29043579101562,1
317FF1CE-C108-4AC5-A64F-C14A7D6DD48C,36.65884017944336,-90.03038787841797,1
0B1B3776-112F-406C-A29C-C21A56D815F5,30.41655731201172,-88.83674621582031,1
7D8ED05E-61F0-43FF-B028-C21C3E89E1FF,41.1169726,-73.8188007,1
3AD795A0-2D31-4B59-85E4-C21F9230A7AE,40.2759895324707,-111.65086364746094,1
77076339-4614-40C5-8BD2-C26305E2AC42,33.68798065185547,-84.29039764404297,1
E56009F9-6C97-484E-8227-C2F82166B0C1,38.06877517700195,-88.7538070678711,1
3B38676B-9077-4325-9BAB-C33995388656,41.65468215942383,-91.53740692138672,1
6A907CED-A170-4E75-ABFE-C35139CE1BD7,43.076617,-89.42762900000001,1
E95B3DA0-154D-483B-ABF0-C3FA80001E96,45.2028694152832,-75.83699798583984,1
85B1799F-5815-46AF-9AAB-C4562852D65B,33.02649688720703,-96.80908966064453,1
AE3746CE-C8D3-41AB-A699-C4C51F2C2D3D,45.327735900878906,-75.71161651611328,1
4139B5D2-0298-4434-A01E-C57101438B96,40.30872344970703,-111.76069641113281,1
EDF4C1D5-E493-40DB-B21B-C5710CA777FE,40.156612396240234,-111.6273193359375,1
60A31F43-968C-458B-BE36-C5831345E593,28.28103,-80.70672,1
7830400B-4C18-4047-9423-C589445C7129,27.762414932250977,-82.22559356689453,1
DB671B8B-68AD-4F93-B228-C6165CF01028,39.08304214477539,-94.57734680175781,1
9EE08500-363E-4B8D-A161-C70501F10DC5,30.3467,-97.96259,1
EB670D08-B22E-4A2F-AB49-C78E5ACA65B4,40.3058413,-86.9237798,1
BDD2922A-01FF-4F0B-8A27-C7A598F362C3,50.70686721801758,-96.55643463134766,1
AC00D8F3-B22F-42E2-8CAE-C901BC073A3A,39.08315658569336,-94.57746887207031,1
23F1AAE2-6F35-48C0-AE4A-C9BB951687DA,33.970863342285156,-84.5490493774414,1
8DC37AE5-5F26-45EC-8618-CAC8FB39EA18,37.62351608276367,-89.24176025390625,1
01C86227-9DDC-4C66-B133-CAE3D5D68792,42.70946,-84.470273,1
9E8FD81E-21C8-4E73-8163-CB166966B525,41.671592712402344,-93.71783447265625,1
239FA8F4-4C1F-4F78-8BE2-CB20CAAA8D0A,40.3087158203125,-111.76070404052734,1
ED7F343D-2C1B-4B4D-83A6-CB468EED880D,40.91047286987305,-73.11725616455078,1
EEED6C0D-6589-435B-B2F6-CB919A1F6310,39.085140228271484,-94.57975769042969,1
BFB415B1-008B-4E82-8839-CBD4C3FE8B19,36.991539001464844,-119.78892517089844,1
4AF33466-857A-4B36-8729-CC25EAF4F797,48.3278923034668,-102.58172607421875,1
97CD66B2-2B72-4530-A4F9-CCB68844EDEA,40.27833557128906,-111.65077209472656,1
795D08E8-26EB-4757-B2AA-CDDAD4FAD9C8,46.985267639160156,-122.90599822998047,1
5548887E-6C23-4F2D-8DDB-CE29348FBE65,33.02649688720703,-96.80908966064453,1
DC7E5CBC-E2DB-42E1-9D31-CE3F6CA3A092,41.9580192565918,-89.03447723388672,1
CDF0472B-2EFA-4F0C-8F7E-CECCEFA69A36,46.95266342163086,-123.80264282226562,1
E5A3A77A-FB02-4EFB-A412-CECD34A65FC8,40.318336486816406,-111.72138214111328,1
FB9CC35E-A9F8-4B2E-958C-CF340549FA5B,33.07105700000004,-115.739953,1
AB0086DC-BC53-45F1-BABB-D0BAE5EDF828,33.93144226074219,-95.86968231201172,1
1A77BA60-D189-4654-A135-D16F31717BF8,42.4405452,-92.3179641,1
C26EBB32-ABA6-4FB9-B9DD-D1B263F813AC,39.9564208984375,-75.16461181640625,1
0097AB2C-270B-4335-9040-D21AF0B05DD6,41.581241607666016,-87.85497283935547,1
B4190149-007A-4A35-AF30-D2B7201919F1,31.12628746032715,-83.51078796386719,1
9BCBCBB1-0A91-4771-99CF-D2D9285E387A,43.679046630859375,-116.33330535888672,1
AA6B28C5-0777-429A-B28A-D406B165E2BB,33.02649688720703,-96.80908966064453,1
AF7BA48D-6653-4ADE-91E7-D40F4CD7DB8B,41.11447525024414,-81.57378387451172,1
2F0A54AB-5822-4AB6-AF14-D5162BE5AB96,50.63173294067383,-96.98285675048828,1
3FD1C3ED-3C4D-432C-83F4-D5ABC6E24B83,45.20285415649414,-75.83696746826172,1
5CCCAFF6-AD4A-4E95-BA9F-D68C60FF211F,38.92666244506836,-94.68482971191406,1
AAEF0EB4-4673-4E83-87DD-D6BC4344E733,41.95791244506836,-89.03374481201172,1
D79AC881-DD24-4D17-A919-D7192FC9765B,36.898634,-119.745607,1
F501C5D5-5E7B-470B-A700-D793BCC721B9,34.00732421875,-118.48388671875,1
E6CD652F-3195-4E74-AB86-D8E02604B801,46.98521423339844,-122.90660095214844,1
85C03038-A6EC-4F98-80FC-D8FC841607A7,40.97129440307617,-73.97476959228516,1
795B047A-03D4-41CB-BF68-D978FEFF986E,50.630367279052734,-96.98045349121094,1
D4988AB4-B930-434B-9C8E-DAD9C228E085,33.76731872558594,-84.38030242919922,1
48BDE89E-7CFE-4B84-B674-DB10FA001147,27.5189376,-81.3809103,1
6C2EC055-620C-4705-B18F-DB40CBA56734,33.74577713012695,-84.409423828125,1
DC61D5CE-7BB6-44D2-8327-DBD57EE41D65,40.2881981,-111.6404316,1
F218A969-140F-4733-BB43-DBFF981A9F53,43.21519088745117,-79.65556335449219,1
4F8A108E-11FD-474A-B327-DC9087ADA157,38.26375961303711,-121.59777069091797,1
F2E2F3C4-A730-4129-B1D4-DCD07416DB63,40.31852722167969,-111.72129821777344,1
9DD85538-27D2-445E-BDFE-DD75E9E7BA44,39.19874572753906,-76.90453338623047,1
9A93905B-6FAE-4BCE-B577-DDEB91C92BA9,44.8446044921875,-75.81562805175781,1
C3BA7A88-46D2-4A3F-8E90-DE1E05BC6B3A,41.31996,-111.98606,1
633C5CEB-0C61-4E6B-8452-DE56233041DD,46.98514938354492,-122.90599060058594,1
5D1B0D81-BE33-4D12-879B-DEDF91457192,30.283828735351562,-97.74784851074219,1
E845CE92-182D-4308-AF94-E03E0FBC2F9B,38.228887,-85.654317,1
855B817E-E5F7-4B13-B1D3-E11698EA7D7E,41.66623000000001,-111.89140800000001,1
01E9F7D3-5DA2-49EF-932C-E1CD0E60FA4F,36.898634,-119.745607,1
0526FE55-E67A-4647-B784-E23B4871C616,40.27635192871094,-111.65130615234375,1
230F3F76-C621-43E0-A570-E25816EEEF0E,33.68960189819336,-84.51407623291016,1
C5921562-0C5B-4C3E-A6D9-E393649A63F5,40.81550979614258,-104.74537658691406,1
66F6452A-29EA-43D0-83D1-E4B378EF140D,40.15261,-111.62953,1
E644A4D2-1D24-42C3-905E-E51F43D44615,37.2427978515625,-89.19467163085938,1
B2F310AF-9715-4C2D-AD0B-E52EF77AAB15,27.972280502319336,-82.1952896118164,1
91367093-88DE-4F9C-8CD0-E5B177D2D11E,50.95726013183594,-114.10166931152344,1
A33864F8-1742-45A9-BB4F-E658921124C4,40.276432037353516,-111.65107727050781,1
29E3C6F3-AE05-43B0-894D-E673AC53DA5C,41.14912414550781,-111.92800903320312,1
6154B7EC-53D9-4482-A6EB-E72891A363B6,44.55143737792969,-70.54634857177734,1
7223F674-251E-4454-97D9-E7C1F37A9D09,35.970857488012726,-79.09323038278458,1
21F03454-4725-478D-B24A-E882D9A65191,46.985233306884766,-122.90596008300781,1
F5CD77B7-92D5-4B11-A424-EA1E7B7A0270,45.2028923034668,-75.83696746826172,1
F2149253-B328-4852-B371-EAF5C0263BED,44.532318115234375,-123.25479125976562,1
79677D62-B295-4551-BB46-EB0373F0F547,45.202842712402344,-75.8369369506836,1
3F03A2DB-9FD3-4A95-8C06-EBC3616BB6E7,39.9564195,-75.1646087,1
9E28E5DE-A19E-4FA4-9EB6-EBC540D22AE1,39.739681243896484,-104.94258117675781,1
F5B5599A-4686-44C2-B0E3-EBD2B8B389BC,39.34877014160156,-104.9000015258789,1
8CF1C7F7-8719-4A48-B4D6-ECCBF88933A8,38.977630615234375,-95.27283477783203,1
EDBEA453-9333-4619-83E3-ED0A680EF6EE,38.228960077000444,-85.65406233580158,1
C2448A15-C874-4E38-8FE7-ED0D0EF28DA9,40.156925201416016,-111.63179016113281,1
930206F7-BD41-4417-94A2-ED1B4B3C2562,36.862274169921875,-119.68307495117188,1
4DECC174-4A22-48C4-8551-ED508B4B25A2,42.294376373291016,-83.7115249633789,1
B45A7031-714A-4875-9297-EDA6CCE9ABEB,40.37224578857422,-111.7744369506836,1
8395A8D6-33EB-4ED5-A26A-EDF93031C240,33.02649688720703,-96.80908966064453,1
9263B4DB-43D5-4371-B72F-EE14B1767549,43.04185485839844,-89.42774963378906,1
ABADD334-87C8-43C9-9930-EF97D0966B2A,35.23287582397461,-85.18164825439453,1
97357111-4229-4D0C-97AD-EFAC1B21160E,30.283828735351562,-97.74784851074219,1
9E6F9973-5F4E-4E19-89D1-EFD3EA7EDD72,39.998680114746094,-83.01702880859375,1
457D8293-C036-4C4F-A745-F0503575ACC0,46.98514175415039,-122.90625,1
7DBFB082-F276-41D5-8486-F09E78D2937A,49.94490051269531,-97.07762908935547,1
AFC553F7-7723-4767-9B5E-F0BE5BDB762F,46.985252380371094,-122.9059829711914,1
8A09FC0C-C708-4730-A944-F0F6BE8F9D28,40.15550231933594,-111.62725830078125,1
EFD86258-56DF-41CF-87FA-F2BE12DA6702,46.95256805419922,-123.80203247070312,1
F5B4A488-2A4C-4A7B-9C91-F372D02EE57A,33.74580001831055,-84.40946960449219,1
968A4DF3-D450-43C5-986B-F5037AFBBD3A,39.487718,-104.903868,1
B3960AB7-9499-4BBA-881D-F51A2A1B924D,32.82807540893555,-96.67595672607422,1
A9ADACFB-5077-41F9-86B4-F6174937BF48,47.69992446899414,-122.32795715332031,1
37A98C5F-18B1-48AD-AE84-F61D343A13FD,47.04944610595703,-122.88579559326172,1
2855513A-C4E1-4C3D-8C32-F6BE41AB179E,31.1317303,-97.4694654,1
6E5BCD29-C11F-43CD-8455-F8F206E6D677,31.07451057434082,-83.38996887207031,1
B0A88FE6-B5C4-476B-95E5-F95FCF40A2E7,40.297183,-111.694943,1
A7AB53FA-2114-4FA5-8400-FABA5FF2BDBF,33.82,-84.3,1
2F39E0A6-A7AB-4A41-9A11-FB6D9DE1497C,32.8277702331543,-96.67617797851562,1
6616787C-29CE-4486-B77D-FBBB9E46920D,37.89946,-122.27153,1
1EDBB922-D0F1-45C6-B323-FC117089A163,46.98537063598633,-122.90656280517578,1
C4D40610-D42D-480C-8986-FC5B06EF1AF9,44.94684982299805,-89.62210083007812,1
6B843370-2340-4CC0-9BDB-FC97A1EC5226,38.1454,-85.445,1
D056E857-0CCB-45CF-8838-FD5051DD2648,29.798755645751953,-95.37828063964844,1
79875D05-6628-44A4-85A9-FDCF2B4130B6,34.43584442138672,-119.87940216064453,1
6EE09179-1D94-4229-AE95-FEFEED5297D9,33.467731,-86.776176,1
117392A0-75B7-422F-ADAE-FF1850AA8C8E,33.7672701,-84.3803168,1
2E30C69C-C547-49B9-9D53-03F3523E5CEC,42.33158874511719,-122.93809509277344,1
50002E1C-C24D-43A0-8948-09D261C69511,46.843772888183594,-96.71439361572266,1
2C5CC4DC-5025-412E-A87A-0E451C933568,35.90770721435547,-119.05828094482422,1
22D3047E-ECEE-4BE8-B67D-10A880B7BD42,47.07973098754883,-97.07972717285156,1
215C4A8E-45BF-43FC-A76D-1C17F71BFF8E,35.03466033935547,-118.90349578857422,1
A8A1B1D8-BF90-457C-A24F-2AE043450B04,46.84410858154297,-96.71414947509766,1
684B16E1-9A58-4C3C-9747-2AE4A252775A,41.87998580932617,-93.5749282836914,1
30102DFC-3E0D-4958-A21F-6087C44AAA70,35.90765380859375,-119.05833435058594,1
D2D55CBF-06DC-45AA-BAE5-65E266A1F6E4,45.28114,-122.75043,1
26132295-8B60-4A8B-8968-6AE5E2D5B505,47.07973098754883,-97.04660034179688,1
65C80A14-C636-4169-9DCA-7274DC9E023F,46.410545349121094,-96.4465560913086,1
432605F3-E4C7-4D1E-AD51-92122D52474B,34.73760986328125,-120.2493667602539,1
0F78CA21-D29C-4BFA-AA32-A0047A4CA5A8,46.84404373168945,-96.7142333984375,1
9B193186-F5EA-46D5-8DBC-A78605EC7819,36.47304153442383,-121.35575866699219,1
4DDAE23D-53D7-40C9-AD02-AF2131A8E27A,42.008251,-93.78765,1
01706E11-C64A-46F9-87A9-B0F07125AE5C,37.49308776855469,-108.64804077148438,1
2C663707-7688-4157-932F-B80595050559,36.473026275634766,-121.35575103759766,1
E096F0AB-68B3-4EEC-A05B-C0941E2B094C,42.33158874511719,-122.93809509277344,1
478EBFC6-E28F-4E3D-8AAE-C6120E1FC036,35.9077033996582,-119.05833435058594,1
94C8B5DA-6EFD-4653-BD32-E2EA1FF33F09,42.00617980957031,-93.78707122802734,1
AE9E4F17-DD4F-4FFB-9710-E9E3DCFDBE93,46.84363555908203,-96.71440124511719,1
7B881D26-F15F-4479-9D90-FD19AC7FAB43,45.0,-122.0,1
F8F2C63A-C5DE-4B7D-A155-4DD5E30439E2,40.27642822265625,-111.65090942382812,1
BC362C9E-05F9-4E55-8F11-9B4D6CADAC32,33.452327728271484,-112.07063293457031,1
